r1,r2,r3,r4,r5,r6,r7,r8,r9,r10,r11,r12,r13,r14,r15,r16,g1,g2,g3,g4,g5,g6,g7,g8,g9,g10,g11,g12,g13,g14,g15,g16,b1,b2,b3,b4,b5,b6,b7,b8,b9,b10,b11,b12,b13,b14,b15,b16,klasa
0,0,0,0,0,0,0,0,0,149,2287,20912,32873,9225,90,0,0,0,0,0,0,0,0,0,225,2408,20950,32785,8982,186,0,0,0,0,0,0,0,0,12,598,5203,29807,26579,3278,59,0,0,0,agata
0,0,0,0,0,0,0,0,0,245,4212,38781,66155,21393,286,0,0,0,0,0,0,0,0,0,418,4435,38438,65984,21268,529,0,0,0,0,0,0,0,0,15,1127,9119,55333,56679,8602,197,0,0,0,agata
0,0,0,0,0,0,0,0,0,337,6011,54982,98667,35916,695,0,0,0,0,0,0,0,0,0,575,6307,54668,98856,35160,1042,0,0,0,0,0,0,0,0,20,1610,12889,79751,87018,14943,377,0,0,0,agata
0,0,0,0,0,0,0,0,0,436,7994,72940,131897,47961,916,0,0,0,0,0,0,0,0,0,763,8319,72395,132011,47238,1418,0,0,0,0,0,0,0,0,29,2122,17098,105703,116470,20189,533,0,0,0,agata
0,0,0,0,0,0,0,0,0,565,10287,93291,164471,58029,1037,0,0,0,0,0,0,0,0,0,959,10538,92068,164720,57706,1689,0,0,0,0,0,0,0,0,36,2681,21818,133691,144382,24430,642,0,0,0,agata
0,0,0,0,0,0,0,0,0,647,12246,110908,197214,70891,1310,0,0,0,0,0,0,0,0,0,1106,12468,109261,198037,70229,2115,0,0,0,0,0,0,0,0,40,3168,25705,159309,174238,29965,791,0,0,0,agata
0,0,0,0,0,0,0,0,0,749,14209,128791,229471,83892,1640,0,0,0,0,0,0,0,0,0,1291,14499,127066,230832,82517,2547,0,0,0,0,0,0,0,0,52,3666,29809,185385,203499,35393,948,0,0,0,agata
0,0,0,0,0,0,0,0,0,878,16127,146694,261651,96998,1940,0,0,0,0,0,0,0,0,0,1507,16483,145090,263516,94764,2928,0,0,0,0,0,0,0,0,63,4191,33997,211178,232912,40845,1102,0,0,0,agata
0,0,0,0,0,0,0,0,0,1033,18351,165690,293421,109086,2243,0,0,0,0,0,0,0,0,0,1746,18722,163879,295771,106359,3347,0,0,0,0,0,0,0,0,76,4799,38632,238292,261117,45671,1237,0,0,0,agata
0,0,0,0,0,0,0,0,0,1154,20427,183542,325662,121918,2657,0,0,0,0,0,0,0,0,0,1920,20822,181591,328769,118442,3816,0,0,0,0,0,0,0,0,81,5331,42768,264393,290156,51227,1404,0,0,0,agata
0,0,0,0,0,0,0,0,0,1282,23026,203376,358040,132378,2794,0,0,0,0,0,0,0,0,0,2120,23260,200849,361405,129162,4100,0,0,0,0,0,0,0,0,87,5903,47706,291940,318145,55590,1525,0,0,0,agata
0,0,0,0,1,41,2435,19177,28610,15777,23784,203395,358040,132378,2794,0,0,0,0,6,1735,21853,30170,11228,2648,23276,200849,361405,129162,4100,0,0,0,75,18622,40963,5627,246,90,5903,47706,291940,318145,55590,1525,0,0,0,antique
0,0,0,0,1,41,2435,19183,28803,19628,46236,231155,368338,133313,2835,0,0,0,0,6,1735,21860,30492,20167,33031,45413,204369,361620,129175,4100,0,0,0,75,18623,41293,29163,36471,5185,6233,47725,291940,318145,55590,1525,0,0,0,antique
0,0,0,0,1,41,2435,19183,28879,21201,57386,253118,389855,140783,4505,0,0,0,0,6,1735,21861,30629,23476,50133,71444,218753,365540,129807,4120,0,0,0,75,18623,41473,38056,68636,23856,11168,48409,291948,318145,55590,1525,0,0,0,antique
0,0,0,0,1,41,2435,19186,29136,24766,69453,272668,410005,148550,6492,0,0,0,0,6,1735,21864,31033,29488,66677,94930,233281,369085,130782,4159,0,0,0,75,18623,42083,50708,97050,42210,15526,49525,291980,318145,55590,1525,0,0,0,antique
0,0,0,0,1,41,2435,19191,29313,27292,79573,295014,432859,155169,7334,0,0,0,0,6,1735,21870,31292,33523,82098,122650,248190,371889,131160,4163,0,0,0,75,18623,42389,59812,130270,61002,19184,49978,291983,318145,55590,1525,0,0,0,antique
0,0,0,0,1,41,2435,19200,29542,30344,91682,315658,452674,162838,9198,0,0,0,0,6,1735,21878,31611,38387,98726,146902,262956,375489,132191,4231,0,0,0,75,18623,42868,70650,159218,80075,23958,51307,292078,318145,55590,1525,0,0,0,antique
0,0,0,0,1,41,2435,19202,29691,33627,109719,342137,467638,165314,9344,0,0,0,0,6,1735,21880,31829,44728,123755,172717,270351,376178,132238,4231,0,0,0,75,18624,43017,86267,198594,89574,24788,51371,292078,318145,55590,1525,0,0,0,antique
0,0,0,0,1,41,2435,19208,29968,38791,129492,368056,480819,166409,9463,0,0,0,0,6,1735,21886,32238,53779,149312,197914,275265,376531,132287,4231,0,0,0,75,18624,43313,105522,237488,96114,25283,51427,292078,318145,55590,1525,0,0,0,antique
0,0,0,0,1,41,2435,19224,30557,43417,143102,389130,499677,172701,9925,0,0,0,0,6,1735,21902,32902,60027,167094,222347,288750,379232,132494,4231,0,0,0,75,18624,43952,116882,269359,113634,29126,51730,292078,318145,55590,1525,0,0,0,antique
0,0,0,0,1,41,2435,19227,30791,47593,159690,413953,516049,175690,10255,0,0,0,0,6,1735,21905,33320,67708,189301,247665,297389,380332,132664,4231,0,0,0,75,18625,44503,135391,303029,124551,30693,52045,292084,318145,55590,1525,0,0,0,antique
0,0,0,0,1,41,2435,19234,31076,52817,183542,440363,525066,176402,10284,0,0,0,0,6,1735,21912,33690,76984,219145,270008,300841,380564,132676,4231,0,0,0,75,18625,44878,157728,339309,130595,31173,52065,292084,318145,55590,1525,0,0,0,antique
0,0,0,0,1,41,2435,19243,31323,57640,206650,466749,535132,177265,10318,0,0,0,0,6,1735,21923,34021,85853,248521,292879,304654,380816,132689,4231,0,0,0,75,18626,45212,179145,375822,137305,31708,52091,292084,318145,55590,1525,0,0,0,antique
0,0,0,0,1,41,2435,19253,31475,60128,221086,493167,553665,180337,10734,0,0,0,0,6,1735,21933,34219,90326,269245,321845,314454,382001,132868,4232,0,0,0,75,18626,45362,189652,414194,151769,33479,52362,292085,318145,55590,1525,0,0,0,antique
0,0,0,0,1,41,2435,19255,31563,62037,231594,515069,574496,188617,12698,0,0,0,0,6,1735,21934,34346,93609,284969,347901,329449,386450,133762,4239,0,0,0,75,18626,45483,196881,445401,171628,39391,53560,292095,318145,55590,1525,0,0,0,antique
0,0,0,0,1,41,2435,19266,31963,68879,250671,535403,589476,192330,12870,0,0,0,0,6,1735,21945,34948,104823,308568,368342,338279,387226,133814,4250,0,0,0,75,18627,46073,219787,476204,181877,40299,53630,292104,318145,55590,1525,0,0,0,antique
0,0,0,0,1,41,2435,19266,32085,71169,260816,557906,612235,199479,13438,0,0,0,0,6,1735,21948,35462,110786,327146,394039,351159,389056,133885,4250,0,0,0,75,18637,48801,240249,504766,193762,42119,53699,292104,318145,55590,1525,0,0,0,antique
0,0,0,0,1,41,2435,19266,32145,71860,264984,569780,634146,221085,18573,0,0,0,0,6,1735,21953,35635,112662,335072,412131,375275,401178,135100,4261,0,0,0,75,18645,49605,247611,525032,217094,54714,54866,292106,318145,55590,1525,0,0,0,antique
0,7425,41869,15367,876,41,2435,19266,32145,71860,264984,569780,634146,221085,18573,0,0,14206,40864,10208,1999,21953,35635,112662,335072,412131,375275,401178,135100,4261,0,0,0,23698,57161,52998,247615,525032,217094,54714,54866,292106,318145,55590,1525,0,0,0,berlin
0,12023,81837,34558,2651,45,2435,19266,32145,71860,264984,569780,634146,221085,18573,0,0,24171,82033,23977,2632,21953,35635,112662,335072,412131,375275,401178,135100,4261,0,0,0,42201,98596,58592,247619,525032,217094,54714,54866,292106,318145,55590,1525,0,0,0,berlin
0,16450,119643,55501,4999,57,2435,19266,32145,71860,264984,569780,634146,221085,18573,0,0,33941,121681,39243,3484,21953,35635,112662,335072,412131,375275,401178,135100,4261,0,0,0,59844,139729,65343,247628,525032,217094,54714,54866,292106,318145,55590,1525,0,0,0,berlin
0,20591,159505,75096,6933,61,2435,19266,32145,71860,264984,569780,634146,221085,18573,0,0,43486,163048,53166,4185,21953,35635,112662,335072,412131,375275,401178,135100,4261,0,0,0,77703,181549,71194,247634,525032,217094,54714,54866,292106,318145,55590,1525,0,0,0,berlin
0,24668,199434,94735,8819,66,2435,19266,32145,71860,264984,569780,634146,221085,18573,0,0,52994,204364,67220,4843,21953,35635,112662,335072,412131,375275,401178,135100,4261,0,0,0,95476,223509,76988,247643,525032,217094,54714,54866,292106,318145,55590,1525,0,0,0,berlin
0,28640,238753,114954,10839,72,2435,19266,32145,71860,264984,569780,634146,221085,18573,0,0,62062,245425,81910,5559,21954,35635,112662,335072,412131,375275,401178,135100,4261,0,0,0,112357,265922,83220,247653,525032,217094,54714,54866,292106,318145,55590,1525,0,0,0,berlin
0,32646,272123,138822,15073,130,2435,19266,32145,71860,264984,569780,634146,221085,18573,0,0,70514,281350,101205,7420,21957,35635,112662,335072,412131,375275,401178,135100,4261,0,0,0,127265,305836,93875,247712,525032,217094,54714,54866,292106,318145,55590,1525,0,0,0,berlin
0,36148,304594,163554,19826,208,2435,19266,32145,71860,264984,569780,634146,221085,18573,0,0,78279,316758,121371,9614,21960,35635,112662,335072,412131,375275,401178,135100,4261,0,0,0,141277,345771,105370,247806,525032,217094,54714,54866,292106,318145,55590,1525,0,0,0,berlin
0,39364,336792,188421,25001,288,2435,19266,32145,71860,264984,569780,634146,221085,18573,0,0,85597,352023,141892,12043,21963,35635,112662,335072,412131,375275,401178,135100,4261,0,0,0,154717,385864,117283,247896,525032,217094,54714,54866,292106,318145,55590,1525,0,0,0,berlin
0,41863,368265,214367,30520,387,2435,19266,32145,71860,264984,569780,634146,221085,18573,0,0,91723,387392,163325,14646,21968,35635,112662,335072,412131,375275,401178,135100,4261,0,0,0,166312,426491,130463,248030,525032,217094,54714,54866,292106,318145,55590,1525,0,0,0,berlin
0,46472,406210,234993,32856,407,2435,19266,32145,71860,264984,569780,634146,221085,18573,0,0,101840,426865,178422,15495,21968,35635,112662,335072,412131,375275,401178,135100,4261,0,0,0,184457,467282,137050,248043,525032,217094,54714,54866,292106,318145,55590,1525,0,0,0,berlin
0,59219,458639,235353,32856,407,2435,19266,32145,71860,264984,569780,634146,221085,18573,0,0,102111,473388,197134,15525,21968,35635,112662,335072,412131,375275,401178,135100,4261,0,0,0,184457,467282,137090,273174,565248,217243,54714,54866,292106,318145,55590,1525,0,0,0,campinya
0,69260,513058,236429,32856,407,2435,19266,32145,71860,264984,569780,634146,221085,18573,0,0,102229,512004,223930,15531,21968,35635,112662,335072,412131,375275,401178,135100,4261,0,0,0,184457,467282,137090,288548,613622,219031,54714,54866,292106,318145,55590,1525,0,0,0,campinya
0,80867,564625,238791,32856,407,2435,19266,32145,71860,264984,569780,634146,221085,18573,0,0,102758,548993,251822,15657,21968,35635,112662,335072,412131,375275,401178,135100,4261,0,0,0,184457,467282,137099,304863,659925,221940,54714,54866,292106,318145,55590,1525,0,0,0,campinya
0,92317,616200,241302,32856,407,2435,19266,32145,71860,264984,569780,634146,221085,18573,0,0,103209,587441,278264,15852,21968,35635,112662,335072,412131,375275,401178,135100,4261,0,0,0,184457,467282,137099,320765,706934,224565,54714,54866,292106,318145,55590,1525,0,0,0,campinya
0,104223,666378,244754,32856,407,2435,19266,32145,71860,264984,569780,634146,221085,18573,0,0,104110,624370,305761,16061,21968,35635,112662,335072,412131,375275,401178,135100,4261,0,0,0,184457,467282,137182,335886,752421,229410,54714,54866,292106,318145,55590,1525,0,0,0,campinya
0,114629,716982,249280,32856,407,2435,19266,32145,71860,264984,569780,634146,221085,18573,0,0,104822,659345,335333,16338,21968,35635,112662,335072,412131,375275,401178,135100,4261,0,0,0,184457,467282,137241,347545,798324,237325,54714,54866,292106,318145,55590,1525,0,0,0,campinya
0,123111,771932,251380,32860,407,2435,19266,32145,71860,264984,569780,634146,221085,18573,0,0,105238,699061,360302,16773,21968,35635,112662,335072,412131,375275,401178,135100,4261,0,0,0,184457,467282,137250,357274,850469,240967,54725,54866,292106,318145,55590,1525,0,0,0,campinya
0,132329,826026,253604,32860,407,2435,19266,32145,71860,264984,569780,634146,221085,18573,0,0,105416,734915,389769,16810,21968,35635,112662,335072,412131,375275,401178,135100,4261,0,0,0,184457,467282,137250,367719,899948,246579,54725,54866,292106,318145,55590,1525,0,0,0,campinya
0,142309,879088,256096,32862,407,2435,19266,32145,71860,264984,569780,634146,221085,18573,0,0,105941,770032,419535,16938,21968,35635,112662,335072,412131,375275,401178,135100,4261,0,0,0,184457,467282,137257,378716,949174,251885,54725,54866,292106,318145,55590,1525,0,0,0,campinya
0,152801,930538,259690,32862,407,2435,19266,32145,71860,264984,569780,634146,221085,18573,0,0,106299,805346,449014,17323,21968,35635,112662,335072,412131,375275,401178,135100,4261,0,0,0,184457,467282,137259,390585,996851,257873,54725,54866,292106,318145,55590,1525,0,0,0,campinya
0,163620,980747,264198,32862,407,2435,19266,32145,71860,264984,569780,634146,221085,18573,0,0,107042,839912,478947,17617,21968,35635,112662,335072,412131,375275,401178,135100,4261,0,0,0,184457,467282,137328,402999,1042736,265041,54725,54866,292106,318145,55590,1525,0,0,0,campinya
0,163620,980747,264198,32862,407,2435,19266,32145,71874,266146,581155,668956,239260,18573,0,0,107042,839912,478947,17617,21968,35635,112662,335072,412757,384540,437549,154368,4267,0,0,0,184457,467282,137328,402999,1042736,265041,54725,55541,303545,360602,66555,1525,0,0,0,firenze
0,163620,980747,264198,32862,407,2435,19266,32145,71885,266914,590835,704261,259032,18573,0,0,107042,839912,478947,17617,21968,35635,112662,335072,413237,392410,472547,176556,4267,0,0,0,184457,467282,137328,402999,1042736,265041,54729,56050,313078,404097,78550,1525,0,0,0,firenze
0,163620,980747,264198,32862,407,2435,19266,32145,71962,268942,605665,738215,273679,18573,0,0,107042,839912,478947,17617,21968,35635,112662,335101,414547,403619,506023,196068,4267,0,0,0,184457,467282,137328,402999,1042736,265041,54741,57143,324924,443296,91936,1525,0,0,0,firenze
0,163620,980747,264198,32862,407,2435,19266,32145,71985,270176,617643,770215,293980,18573,0,0,107042,839912,478947,17617,21968,35635,112662,335109,415384,413916,538522,217963,4267,0,0,0,184457,467282,137328,402999,1042736,265041,54742,57831,335664,480392,108947,1525,0,0,0,firenze
0,163620,980747,264198,32862,407,2435,19266,32145,72009,271245,627377,801203,317701,18573,0,0,107042,839912,478947,17617,21968,35635,112662,335117,416135,421663,569481,244034,4267,0,0,0,184457,467282,137328,402999,1042736,265041,54744,58432,344011,516206,129719,1525,0,0,0,firenze
0,163620,980747,264198,32862,407,2435,19266,32145,72040,272449,640158,838932,331492,18573,0,0,107042,839912,478947,17617,21968,35635,112662,335125,416829,431309,607041,261662,4267,0,0,0,184457,467282,137328,402999,1042736,265041,54745,58986,353800,559329,141788,1525,0,0,0,firenze
0,163620,980747,264198,32862,407,2435,19266,32145,72101,274148,654025,872428,347905,18573,0,0,107042,839912,478947,17617,21968,35635,112662,335152,417977,441958,639991,282424,4267,0,0,0,184457,467282,137328,402999,1042736,265041,54760,59964,365069,596972,157419,1525,0,0,0,firenze
0,163620,980747,264198,32862,407,2435,19266,32145,72138,275269,664769,901825,372142,18573,0,0,107042,839912,478947,17617,21968,35635,112662,335165,418731,450283,669427,309430,4269,0,0,0,184457,467282,137328,402999,1042736,265041,54763,60589,373892,631907,178569,1525,0,0,0,firenze
0,163620,980747,264198,32862,407,2435,19266,32145,72142,275893,672416,926827,404401,18573,0,0,107042,839912,478947,17617,21968,35635,112662,335165,419157,456089,694252,343590,4588,0,0,0,184457,467282,137328,402999,1042736,265041,54763,60949,380231,661547,207766,1525,0,0,0,firenze
0,163620,980747,264198,32862,407,2435,19266,32145,72196,277855,683421,953661,430082,18573,0,0,107042,839912,478947,17617,21968,35635,112662,335188,420265,465631,720422,372275,4596,0,0,0,184457,467282,137328,402999,1042736,265041,54770,61890,390383,692385,231364,1525,0,0,0,firenze
0,163620,980747,264198,32862,407,2435,19266,32145,72258,279610,698994,989989,441900,18573,0,0,107042,839912,478947,17617,21968,35635,112662,335202,421308,477217,756977,388613,4596,0,0,0,184457,467282,137328,402999,1042736,265041,54773,62718,402162,734567,242108,1525,0,0,0,firenze
218,201017,1006893,265947,32888,407,2435,19266,32145,72258,279610,698994,989989,441900,18573,0,533,145023,865553,480315,17630,21968,35635,112662,335202,421308,477217,756977,388613,4596,0,0,231,211067,503893,139412,402999,1042736,265041,54773,62718,402162,734567,242108,1525,0,0,0,lima
1184,243982,1027455,266979,32899,407,2435,19266,32145,72258,279610,698994,989989,441900,18573,0,2403,188332,885180,481039,17636,21968,35635,112662,335202,421308,477217,756977,388613,4596,0,0,1205,245183,533459,140292,402999,1042736,265041,54773,62718,402162,734567,242108,1525,0,0,0,lima
2024,287630,1047556,267914,32911,407,2435,19266,32145,72258,279610,698994,989989,441900,18573,0,4064,232461,904279,481680,17642,21968,35635,112662,335202,421308,477217,756977,388613,4596,0,0,2084,279426,563095,141070,402999,1042736,265041,54773,62718,402162,734567,242108,1525,0,0,0,lima
2957,330052,1068635,269003,32924,407,2435,19266,32145,72258,279610,698994,989989,441900,18573,0,5864,275285,924397,482467,17649,21968,35635,112662,335202,421308,477217,756977,388613,4596,0,0,3049,312953,593191,142018,402999,1042736,265041,54773,62718,402162,734567,242108,1525,0,0,0,lima
3915,373003,1089242,270016,32931,407,2435,19266,32145,72258,279610,698994,989989,441900,18573,0,7668,318344,944331,483202,17653,21968,35635,112662,335202,421308,477217,756977,388613,4596,0,0,4000,346525,623296,142926,402999,1042736,265041,54773,62718,402162,734567,242108,1525,0,0,0,lima
4852,415727,1110104,271022,32938,407,2435,19266,32145,72258,279610,698994,989989,441900,18573,0,9457,361256,964434,483929,17658,21968,35635,112662,335202,421308,477217,756977,388613,4596,0,0,4924,380301,653233,143825,402999,1042736,265041,54773,62718,402162,734567,242108,1525,0,0,0,lima
5548,459607,1130113,271961,32950,407,2435,19266,32145,72258,279610,698994,989989,441900,18573,0,11052,405599,983363,484593,17663,21968,35635,112662,335202,421308,477217,756977,388613,4596,0,0,5763,414850,682620,144586,402999,1042736,265041,54773,62718,402162,734567,242108,1525,0,0,0,lima
6337,503899,1149690,272830,32959,407,2435,19266,32145,72258,279610,698994,989989,441900,18573,0,12763,450579,1001637,485162,17665,21968,35635,112662,335202,421308,477217,756977,388613,4596,0,0,6573,450058,711455,145269,402999,1042736,265041,54773,62718,402162,734567,242108,1525,0,0,0,lima
7017,547382,1170128,273755,32969,407,2435,19266,32145,72258,279610,698994,989989,441900,18573,0,14253,494731,1020896,485796,17666,21968,35635,112662,335202,421308,477217,756977,388613,4596,0,0,7288,484183,741380,146040,402999,1042736,265041,54773,62718,402162,734567,242108,1525,0,0,0,lima
7520,588860,1192397,275020,32990,407,2435,19266,32145,72258,279610,698994,989989,441900,18573,0,15473,537006,1042045,486679,17675,21968,35635,112662,335202,421308,477217,756977,388613,4596,0,0,7882,516138,773216,147190,403000,1042736,265041,54773,62718,402162,734567,242108,1525,0,0,0,lima
8341,632439,1212600,275941,33002,407,2435,19266,32145,72258,279610,698994,989989,441900,18573,0,17127,580957,1061319,487332,17679,21968,35635,112662,335202,421308,477217,756977,388613,4596,0,0,8764,550637,802592,147969,403000,1042736,265041,54773,62718,402162,734567,242108,1525,0,0,0,lima
8341,632439,1212600,275941,33002,407,2435,19266,32197,72655,281805,721860,1024584,447099,18803,0,17127,580957,1061319,487332,17679,21968,35641,112948,337220,448792,509140,760534,388860,4611,0,0,8764,550637,802592,147969,403124,1044766,295537,84022,65944,402525,734610,242113,1525,0,0,0,marfil
8341,632439,1212600,275941,33002,407,2435,19268,32221,72890,284690,739738,1056573,459178,19241,0,17127,580957,1061319,487332,17679,21968,35645,113151,340559,471457,541045,767625,389162,4638,0,0,8764,550637,802592,147970,403275,1049281,323118,112687,70257,402806,734639,242113,1525,0,0,0,marfil
8341,632439,1212600,275941,33002,407,2435,19268,32252,73162,286650,755302,1093191,469570,19934,0,17127,580957,1061319,487332,17679,21968,35657,113382,342771,492061,576109,774441,389736,4661,0,0,8764,550637,802592,147970,403452,1052401,351113,141319,75273,403364,734677,242113,1525,0,0,0,marfil
8341,632439,1212600,275941,33002,407,2435,19268,32260,73410,289716,777068,1125598,476876,20635,0,17127,580957,1061319,487332,17679,21968,35658,113586,346274,521382,603119,779298,390298,4739,0,0,8764,550637,802592,147970,403617,1057720,387883,160645,78619,403881,734770,242113,1525,0,0,0,marfil
8341,632439,1212600,275941,33002,407,2435,19269,32288,73568,291265,796088,1165297,481525,21037,0,17127,580957,1061319,487332,17679,21968,35672,113720,347982,547630,637506,781882,390682,4816,0,0,8764,550637,802592,147974,403728,1060309,423734,185489,80271,404263,734871,242115,1525,0,0,0,marfil
8341,632439,1212600,275941,33002,407,2435,19269,32293,73678,292325,807400,1198692,499408,22768,0,17127,580957,1061319,487332,17679,21968,35672,113819,349437,562755,671895,794868,392046,4934,0,0,8764,550637,802592,147974,403813,1062488,442994,218380,90017,405469,735039,242116,1525,0,0,0,marfil
8341,632439,1212600,275941,33002,407,2435,19270,32328,73820,293615,825191,1239404,504494,23208,0,17127,580957,1061319,487332,17679,21968,35694,113957,351266,591198,704338,797083,392404,5022,0,0,8764,550637,802592,147981,403943,1065336,481191,240757,91503,405832,735161,242122,1525,0,0,0,marfil
8341,632439,1212600,275941,33002,407,2435,19270,32359,74010,294609,840106,1271293,520523,24666,0,17127,580957,1061319,487332,17679,21968,35700,114129,352554,611286,736560,807732,393447,5090,0,0,8764,550637,802592,147981,404104,1067464,506751,269874,99144,406660,735259,242125,1525,0,0,0,marfil
8341,632439,1212600,275941,33002,407,2435,19274,32392,74184,296033,858166,1312515,524734,25052,0,17127,580957,1061319,487332,17679,21968,35725,114300,354232,638297,770469,810066,393785,5160,0,0,8764,550637,802592,147994,404265,1070127,544378,292974,100697,406980,735357,242126,1525,0,0,0,marfil
8341,632439,1212600,275941,33002,407,2435,19274,32404,74331,297531,875102,1345512,537696,26020,0,17127,580957,1061319,487332,17679,21968,35728,114429,356013,659847,802627,819130,394585,5211,0,0,8764,550637,802592,147994,404369,1072909,571388,321352,107170,407690,735435,242127,1525,0,0,0,marfil
8341,632439,1212600,275941,33002,407,2435,19274,32412,74507,298947,891147,1384097,546431,26561,0,17127,580957,1061319,487332,17679,21968,35730,114581,357918,682314,838478,823800,394990,5294,1,0,8764,550637,802592,147994,404503,1075658,601487,350646,109959,408053,735540,242130,1525,0,0,0,marfil
8341,632439,1212600,275941,33002,407,2435,19274,32669,107887,330804,891189,1384097,546431,26561,0,17127,580957,1061319,487332,17679,21968,35730,114581,357919,685572,892662,831893,394990,5294,1,0,8764,550637,802592,147994,404503,1075658,601487,357859,166446,409889,735540,242130,1525,0,0,0,mediterranea
8341,632439,1212600,275941,33002,407,2435,19274,34223,144731,357938,891193,1384097,546431,26561,0,17127,580957,1061319,487332,17679,21968,35730,114581,357919,692947,947193,835523,394990,5294,1,0,8764,550637,802592,147994,404503,1075658,601489,370172,218922,410634,735540,242130,1525,0,0,0,mediterranea
8341,632439,1212600,275941,33002,407,2435,19274,36379,187795,378250,891197,1384097,546431,26561,0,17127,580957,1061319,487332,17679,21968,35730,114581,357919,701953,1000529,838717,394990,5294,1,0,8764,550637,802592,147994,404503,1075658,601489,385128,269065,411067,735544,242130,1525,0,0,0,mediterranea
8341,632439,1212600,275941,33002,407,2435,19274,36762,223602,407583,891210,1384097,546431,26561,0,17127,580957,1061319,487332,17679,21968,35730,114581,357919,706327,1055980,844428,394990,5294,1,0,8764,550637,802592,147994,404503,1075658,601489,393532,325293,411971,735544,242130,1525,0,0,0,mediterranea
8341,632439,1212600,275941,33002,407,2435,19274,39788,256797,436888,891220,1384097,546431,26561,0,17127,580957,1061319,487332,17679,21968,35730,114581,357919,714837,1108194,849240,394990,5294,1,0,8764,550637,802592,147994,404503,1075658,601525,406228,377400,412668,735544,242130,1525,0,0,0,mediterranea
8341,632439,1212600,275941,33002,407,2435,19274,42261,296782,459910,891276,1384097,546431,26561,0,17127,580957,1061319,487332,17679,21968,35730,114581,357920,724929,1156527,856350,394990,5294,1,0,8764,550637,802592,147994,404503,1075658,601556,421688,425681,414432,735544,242130,1525,0,0,0,mediterranea
8341,632439,1212600,275941,33002,407,2435,19274,44452,336299,483737,891277,1384097,546431,26561,0,17127,580957,1061319,487332,17679,21968,35730,114581,357920,732992,1208991,861359,394990,5294,1,0,8764,550637,802592,147994,404503,1075658,601566,434794,477074,415459,735544,242130,1525,0,0,0,mediterranea
8341,632439,1212600,275941,33002,407,2435,19274,45472,376185,508291,891320,1384130,546431,26561,0,17127,580957,1061319,487332,17679,21968,35730,114581,357925,739567,1263286,865973,395037,5294,1,0,8764,550637,802592,147994,404503,1075658,601566,445938,530342,416525,735602,242130,1525,0,0,0,mediterranea
8341,632439,1212600,275941,33002,407,2435,19274,46339,416607,532538,891320,1384130,546431,26561,0,17127,580957,1061319,487332,17679,21968,35730,114581,357925,743775,1322714,867873,395037,5294,1,0,8764,550637,802592,147994,404503,1075658,601579,452338,589192,416798,735602,242130,1525,0,0,0,mediterranea
8341,632439,1212600,275941,33002,407,2435,19288,50337,448931,561732,891326,1384130,546431,26561,0,17127,580957,1061319,487332,17679,21968,35730,114581,357956,752750,1373414,873703,395037,5294,1,0,8764,550637,802592,147994,404503,1075658,601646,464633,641458,417706,735602,242130,1525,0,0,0,mediterranea
8341,632439,1212600,275941,33002,407,2435,19288,53300,489428,583579,891555,1384130,546431,26561,0,17127,580957,1061319,487332,17679,21968,35730,114581,357957,762557,1419913,882932,395037,5294,1,0,8764,550637,802592,147994,404503,1075658,601695,481056,687022,421206,735602,242130,1525,0,0,0,mediterranea
8341,632439,1212600,275941,34515,13275,27694,40416,57922,489574,583579,891555,1384130,546431,26561,0,17127,580957,1061319,487332,17758,26575,57010,143154,368401,763104,1419919,882932,395037,5294,1,0,8764,550637,802592,147994,404503,1075660,603645,497818,718798,435726,736127,242131,1525,0,0,0,venice
8341,632439,1212600,276195,38510,40552,55731,46361,57950,489574,583579,891555,1384130,546431,26561,0,17127,580957,1061319,487336,18553,40914,93384,157050,368529,763104,1419919,882932,395037,5294,1,0,8764,550637,802592,147994,404503,1075747,607731,534477,743203,436025,736127,242131,1525,0,0,0,venice
8341,632439,1212600,276424,42364,67838,84707,51529,57973,489574,583579,891555,1384130,546431,26561,0,17127,580957,1061319,487339,19293,54363,131238,170473,368596,763104,1419919,882932,395037,5294,1,0,8764,550637,802592,147994,404503,1075830,611664,571457,767600,436168,736127,242131,1525,0,0,0,venice
8341,632439,1212601,276937,46419,90681,114547,59787,57999,489574,583579,891555,1384130,546431,26561,0,17127,580957,1061319,487356,20574,65621,166253,188266,368768,763104,1419919,882932,395037,5294,1,0,8764,550637,802592,147994,404503,1076033,615608,602761,797030,436823,736127,242131,1525,0,0,0,venice
8341,632439,1212601,277486,52179,116048,140879,67290,58024,489574,583579,891555,1384130,546431,26561,0,17127,580957,1061319,487387,22028,81630,198626,203800,368903,763104,1419919,882932,395037,5294,1,0,8764,550637,802592,147994,404503,1076273,621593,635226,823443,437256,736127,242131,1525,0,0,0,venice
8341,632439,1212602,278085,56676,139395,170484,74775,58026,489574,583579,891555,1384130,546431,26561,0,17127,580957,1061319,487414,23439,93699,233950,220481,368927,763104,1419919,882932,395037,5294,1,0,8764,550637,802592,147994,404503,1076481,626066,667217,852149,437414,736127,242131,1525,0,0,0,venice
8341,632439,1212602,278580,62041,164837,197982,81500,58037,489574,583579,891555,1384130,546431,26561,0,17127,580957,1061319,487436,24761,109005,267682,235563,368999,763104,1419919,882932,395037,5294,1,0,8764,550637,802592,147994,404503,1076728,631390,700659,878369,437717,736127,242131,1525,0,0,0,venice
8341,632439,1212602,279082,66076,187800,228146,89365,58044,489574,583579,891555,1384130,546431,26561,0,17127,580957,1061319,487460,26058,120750,303220,252413,369081,763104,1419919,882932,395037,5294,1,0,8764,550637,802592,147994,404503,1076905,635312,732351,907754,438077,736127,242131,1525,0,0,0,venice
8341,632439,1212602,279441,69779,211132,258584,97031,58082,489574,583579,891555,1384130,546431,26561,0,17127,580957,1061319,487465,27106,131764,339917,269066,369200,763104,1419919,882932,395037,5294,1,0,8764,550637,802592,147994,404503,1077002,638621,764897,936905,438510,736127,242131,1525,0,0,0,venice
8341,632439,1212602,279728,73736,236073,287646,104290,58112,489574,583579,891555,1384130,546431,26561,0,17127,580957,1061319,487482,27916,145156,374837,285335,369328,763104,1419919,882932,395037,5294,1,0,8764,550637,802592,147994,404503,1077125,642428,798488,964430,439000,736127,242131,1525,0,0,0,venice
8341,632439,1212603,280363,79842,264451,311673,110661,58130,489574,583579,891555,1384130,546431,26561,0,17127,580957,1061319,487526,29491,162524,407738,298881,369430,763104,1419919,882932,395037,5294,1,0,8764,550637,802592,147994,404503,1077413,648856,835025,986421,439292,736127,242131,1525,0,0,0,venice
